132_1-1	What was the main focus and outcome of the 2021 United Nations Climate Change Conference (COP26) in Glasgow?
132_1-3	What are the main effects of climate change?
132_1-5	What are some specific effects of climate change on our planet and its life?
132_1-7	What were the main discussions and agreements at the COP26 event?
132_2-1	That’s interesting. Can you provide more information about the effects of climate change?
132_2-5	How are developed countries assisting developing countries to cope with the effects of climate change?
132_2-7	Are developed countries meeting their climate finance commitments to help developing countries adapt to climate change?
132_2-9	Is the COP26 conference related to last year's climate change summit in Glasgow?
132_2-11	What are the main events and outcomes of each Conference of the Parties (COP)?
132_2-13	How are the COP26 and the Paris Agreement conferences different?
132_3-3	How did the parties to the Paris Agreement respond to the United States' withdrawal?
133_1-1	What are some essential items to include in a pamper pack that my mom would appreciate?
133_1-3	Can I make the beauty products in a pamper pack at home?
133_1-7	How much would making my own beauty products, such as body scrubs and moisturizers, cost?
133_2-1	Can you guide me on how to make body scrubs at home?
133_2-3	Cool. How do I make a moisturizer at home?
133_3-2	My mum loves scented lotion, can I make a scented lotion for her?
133_3-4	What are the details of purchasing an unscented lotion base for making scented lotions?
133_3-6	What types of essential oils are suitable for scented body lotions?
133_3-8	How do I mix the lotion base and fragrance oils to make the scented lotion?
134_1-3	Cool. Which smartphone do you recommend considering the factors we discussed earlier?
134_1-5	Tell me more about the Motorola Moto G7 Power.
134_1-7	How much cheaper is the Samsung Galaxy A10e compared to the Motorola Moto G7 Power?
134_1-9	Wow, that's almost half the cost! Can you compare the features and specifications of the Samsung Galaxy A10e with the Motorola Moto G7 Power?
134_1-11	Interesting. What makes the Samsung Galaxy A50 such a good phone compared to the Motorola Moto G7?
134_1-13	Why is the Samsung Galaxy A50 better than the Moto G7?
134_2-1	Since you mentioned iPhones look and feel great, are you considering buying an iPhone?
134_2-3	Which type of smartphone, such as an iPhone or Android phone, would be a better fit for me?
134_3-1	What are some other types of smartphones available?
134_3-3	What's keeping Windows Phone or Nokia, BlackBerry, and other platforms from gaining popularity?
134_4-2	What features should I look for in a phone to effectively run most aspects of my day-to-day life?
134_4-4	What are the key features I should consider when buying a phone for running?
135_1-1	How do I get back into running after a year-long break due to work commitments?
135_1-3	Cool. What exercises can I mix with running?
135_1-5	Which strength exercises do you recommend to mix with running?
135_1-7	Awesome. Can I do these strength routines and run on the same day?
135_2-1	Given that I'm interested in losing weight, are there any general health and wellness tips that you can provide?
135_2-3	 How often should I incorporate consistent running into my weight loss plan?
135_2-5	What are the effects of running on an empty stomach on weight loss?
135_2-7	So what's a better alternative to running on an empty stomach for weight loss?
135_2-9	Why is high-intensity running preferable to running on an empty stomach for weight loss?
135_2-11	So best to follow that advice and avoid running on an empty stomach.
135_3-1	Are there other calorie-burning activities that are safe for someone who has taken a year-long break from running?
135_3-3	What else are there for calorie-burning alternatives to running, considering I don’t have an indoor bike and I’m not great at skiing?
135_3-5	Are there any outdoor activities that can burn calories similar to jump roping?
135_4-1	How can I modify the second one at home given that I live in a flat on the third floor?
136_1-1	What was the main reason behind the Watergate scandal?
136_1-3	Why did the Nixon administration break in at Democratic National Committee?
136_1-5	What happened next after the Watergate intruders stood trial for their participation in the break-in?
136_1-7	Did Congress and federal prosecution obtain Nixon's taped conversations in the Oval Office?
136_1-9	So what were the consequences of President Nixon's involvement in the Watergate scandal?
136_1-11	What effects did the Watergate scandal have on US politics?
136_1-13	What effects did the Watergate scandal have on US politics?
136_2-1	What's the story behind the mysterious informant 'Deep Throat'?
136_2-3	Interesting name. What's the background and story behind the name Deep Throat?
136_2-5	Why did Mark Felt agree to become Deep Throat and inform Bob Woodward and Carl Bernstein?
137_1-1	"What are the implications of Bostrom's ""simulation argument"" in the context of philosophy?"
137_1-3	What is the most likely of Bostrom's three propositions in his simulation argument?
137_1-5	"What are the views and opinions of other prominent philosophers regarding Nick Bostrom's ""simulation argument""?"
137_1-7	What are the possible ways to detect or confirm whether we are living in a simulated reality?
137_1-9	What implications would the simulation argument have if it were true, and why is it worth considering?
137_1-11	"Why is the idea of the ""simulation argument"" considered so fantastic to be true, especially when it's compared to a Marvel movie plot?"
138_1-1	What strategies can I use to help my 16-year-old son build his self-esteem as a shy and awkward individual?
138_1-3	How can I handle unavoidable criticism in a way that doesn't harm my son's self-esteem?
138_1-5	How can I help my 16-year-old son who is shy and awkward improve his social skills?
138_1-7	Awesome. How can I help my son with his low self-esteem due to concerns about his physical appearance?
138_1-9	Do you think social media might play a role in influencing a teenager's self-esteem and social skills?
138_1-11	How can I prevent social media from negatively affecting my son's self-esteem?
139_1-1	What are some of the most interesting and well-known wonders of the world?
139_1-3	What are some of the lesser-known wonders of the world?
139_1-5	"Did the US performance of ""What a Wonderful World"" eventually improve?"
139_1-7	"How did the song ""What a Wonderful World"" impact its sales in the United States?"
139_2-1	What are some of the world's most spectacular natural features and human-built structures that I can learn about?
139_2-3	What are some of the most spectacular natural features and human-built structures that are considered wonders of the world?
139_2-5	Wow, that’s a lot of deaths. How is the maintenance of the Great Wall of China managed nowadays?
139_2-7	Can you name some of the world's most spectacular natural features and human-built structures?
139_2-9	Tell me more about the architectural features and construction process of the Taj Mahal.
139_2-11	If I'm planning a trip to Asia, which of its natural wonders and famous landmarks should I visit?
139_2-13	Tell me about another natural or human-built wonder located outside of Asia.
139_2-15	Tell me about the remaining natural wonders.
139_2-17	Is there a relationship between architectural designs and natural landscapes?
139_2-19	"The Indian mausoleum, the Taj Mahal, is an example of how architecture can be influenced by nature. Is its design an illustration of the ""form follows function"" philosophy?"
140_1-3	As a tourist, what are the top recommended places to visit in Nigeria?
140_1-5	That's the famous Tinapa Resort you were talking about earlier, right?
140_1-7	Tell me more about the Obudu Mountain Resort.
140_1-9	Can you tell me more about Duke Town chapel?
140_1-11	How did the name 'Calabar' originate in Duke town?
140_2-1	What are the popular tourist attractions and activities in Nigeria?
140_2-3	How is the management of the tourism sector in Nigeria being handled?
140_2-5	What is an example of an initiative by the Nigerian Tourism Development Corporation (NTDC)?
140_3-1	What are some other notable places to visit in Nigeria besides Calabar?
140_3-3	What are the key differences between Lagos and Abuja, considering your experience with the former?
140_4-2	Can you tell me about the Nigerian food culture?
140_4-4	Are Nigerian fufu recipes safe to consume?
140_4-6	As a tourist, what are some must-try Nigerian dishes?
140_4-8	What makes Jollof rice a popular dish in Nigeria?
140_4-10	Wow! Tell me how Nigerian and Ghanaian Jollof rice recipes differ from each other.
140_4-12	What region in West Africa is credited with originating Jollof rice?
140_4-14	Tell me more about the other popular Nigerian dishes besides Jollof rice.
140_4-16	Is there another traditional Nigerian dish besides Jollof rice and pounded yam?
141_1-1	Is an offer of 20% monthly interest on investment likely to be a legitimate opportunity?
141_1-3	What are some other red flags that I should be aware of when considering high-interest investment opportunities?
141_1-5	What do you suggest I do next to avoid getting scammed by this high-interest investment offer?
141_2-1	What characteristics of the 20% monthly interest offer are similar to those of a Ponzi scheme?
141_2-3	What's an example of a Ponzi scheme?
141_2-5	How do Ponzi schemes like the one described unravel?
141_2-7	How do Ponzi schemes typically collapse?
141_2-9	Can you compare Ponzi schemes with other types of investment scams?
141_2-11	What other types of investment scams exist besides Ponzi and pyramid schemes?
141_2-13	What similarities exist between Ponzi schemes and cryptocurrency?
142_1-1	What are the key facts and information that I should know about Argentina?
142_1-3	What makes Buenos Aires the cultural capital of South America?
142_2-2	What makes the culture of Buenos Aires distinct from the rest of the country?
142_2-4	What cultural practices make Buenos Aires unique compared to the rest of Argentina?
142_3-3	What are some interesting facts about the tango?
142_5-1	What is the local cuisine like in Argentina, and what kind of food can I expect to try there?
142_5-3	What are some popular Argentine dishes?
142_5-5	What nationalities have had a significant influence on the culture and traditions of Argentina?
142_5-7	What makes Argentina's national dishes stand out from others.
142_7-1	I like hiking and Malbec. How can I explore Argentina's high peaks and try some of the best Malbec wine?
142_9-1	What are some unique aspects of Argentine culture and society that set it apart from other countries?
143_1-1	What is the meaning of banking innovation that people often talk about and how does it relate to Open Banking?
143_1-3	How does the European equivalent of the UK’s Open Banking regulation relate to it?
143_1-5	Does the U.S. have a similar regulation like PSD2 or Open Banking?
143_1-9	What kind of product innovation has happened due to Open Banking?
143_1-11	What kind of retail products or services have been innovated with Open Banking and PSD2?
143_1-13	What are some of the coolest startups currently leveraging Open Banking for innovation?
143_1-15	What is Open Banking?
143_1-17	What is the current regulatory environment for cryptocurrencies in Europe?
143_1-19	What are some high-profile scandals related to the banking industry or fintech?
144_1-1	What does reusability mean in the context of the Falcon Heavy rocket, and why is it an important feature?
144_1-3	Wow, how come reusability in space flight became a significant concern in the space industry when did people first start caring about it?
144_1-5	What made it so hard to achieve reusability in rockets?
144_2-1	What are SpaceX's future plans for their reusable rocket technology after the successful demonstration of the Falcon Heavy?
144_2-3	Tell me more about the engines powering the reusable components of the Falcon Heavy rocket.
144_2-5	What are the advantages of using methane as a fuel for SpaceX's rocket engines compared to traditional kerosene-based engines?
144_2-7	What makes hydrogen a challenging fuel source for rocket engines?
144_2-9	Tell me specifically what makes hydrogen engines difficult to build given the challenges of rocket engines.
144_2-11	What are the different types of rocket engines, including their design and functionality.
144_2-13	By types of rocket engine power cycles, what do you mean?
144_2-15	What are the tradeoffs between different types of rocket engine power cycles?
144_2-17	Wait, why exhaust fuel in an open-cycle engine?
144_3-1	How do the Closed (Staged Combustion) Engine Cycle and the Open Cycle (Gas Generator) differ roughly?
145_1-1	What is happening to the corals in the context of the current state of the world?
145_1-3	What would be the consequences of a complete collapse of coral ecosystems worldwide?
145_1-5	What are the potential impacts of coral reefs disappearing on human communities?
145_1-7	Does coral bleaching have any benefits, such as carbon capture?
145_2-1	What are the effects on the environment and marine life when coral reefs die and the carbon they contain falls into the ocean?
145_2-3	What are the effective measures to prevent and mitigate coral bleaching?
146_1-1	What are the main differences between bike packing and bike touring?
146_1-3	What are the characteristics of bike packing bags?
146_1-5	Can any type of bike be used for bike packing?
146_1-7	What modifications can I make to my bike to increase comfort for bike packing.
146_1-11	What are the main differences between bike packing and traditional bike touring?
147_1-1	What are the most popular Marvel movies and what makes them stand out?
147_1-3	Remind me of the iconic elevator scene from Captain America: The Winter Soldier.
147_1-5	"I found other fight scenes more powerful than the one in Captain America: The Winter Soldier, like the ""Avengers Assemble"" scene in Endgame. What makes the fight scenes in Avengers: Endgame more impactful?"
147_1-7	What are the movie's implications for the Marvel Cinematic Universe?
147_1-9	That being said, don't you think that Iron Man and Thor also had great character arcs in their respective movies?
147_1-11	What is the future direction of the Marvel Cinematic Universe (MCU) franchise?
147_1-15	Could you elaborate on the Marvel Cinematic Universe's approach to diversity in characters and creators?
147_2-1	What is the representation of people of color in the Marvel Cinematic Universe (MCU)?
148_1-1	How can I break into the tech industry?
148_1-3	Can you elaborate on why having relevant qualifications and experience is helpful for breaking into the tech industry?
148_1-5	What’s another tip for breaking into the tech and engineering industries?
148_1-7	That's a lot like the first two tips. Are there any other key factors to consider when breaking into tech and engineering?
148_1-9	Just how important is networking when trying to break into the tech industry?
148_2-1	That's not quite right. How has the importance of education and qualifications changed in the tech and engineering industries?
148_2-3	What are the best ways to demonstrate technical knowledge when breaking into the tech industry?
148_2-5	What can I do during an interview to demonstrate my technical skills and show potential employers that I have the potential to be a valuable member of their team?
149_1-1	Are search engines biased, and if so, how do their biases impact users?
149_1-3	What are the different ways in which search engines can be biased?
149_1-5	In what specific ways can search engines be ideologically biased?
149_2-1	In what ways can search engines be racially biased?
149_2-3	How do search engines get biased?
149_2-5	What evidence suggests that search engines are biased in their results?
149_2-7	How do search engines rank results in terms of bias?
149_3-1	How can I get impartial results from biased search engines?
149_3-3	Um, what does search neutrality mean?
149_3-7	What are some search engines that can provide more unbiased results?
149_3-9	What alternatives to traditional search engines can provide unbiased results?
149_4-1	No, how can I get less biased search results using search engines?
