132_1-1	What was the main focus of the COP26 conference in Glasgow?
132_1-3	Interesting. What are the effects of climate change?
132_1-5	What are the specific effects of climate change on the environment and human populations?
132_1-7	What are some of the positive effects or benefits of the changes caused by climate change?
132_2-1	What are some specific effects of climate change on the planet and its life?
132_2-5	How are developed countries assisting developing countries that are highly climate vulnerable?
132_2-7	Are developed countries meeting their projected levels of public climate finance communicated to developing countries to mitigate and adapt to climate change?
132_2-9	Is COP26 last year related to the current conversation about climate change and its effects on developing countries?
132_2-11	What are the key events or activities that happen at each Conference of the Parties (COP)?
132_2-13	What is the main difference between the Paris Agreement and the yearly UN Climate Change Conferences?
132_3-3	How did the other parties to the Paris Agreement respond to the United States' decision to withdraw from the agreement?
133_1-1	What are some essential items to include in a pamper pack for a mom?
133_1-3	What are some homemade beauty product ideas for a pamper pack?
133_1-7	What is the estimated cost of making a homemade deodorant using this specific recipe?
133_2-1	Can you provide a recipe for making a homemade body scrub that can be included in the pamper pack?
133_2-3	Can you tell me how to make the homemade moisturizer at home?
133_3-2	My mum loves a good, scented lotion. What beauty product do I need to make at home to satisfy this preference?
133_3-4	Can you provide more details about purchasing an unscented lotion base for making a scented lotion?
133_3-6	What essential oils would be suitable for a scented body lotion?
133_3-8	Okay, so how do I mix fragrance or essential oils with the lotion base to make scented lotion?
134_1-3	Cool. Which phone would you recommend for me?
134_1-5	Tell me more about the Motorola Moto G7 Power.
134_1-7	How much cheaper is the Samsung Galaxy A10e compared to the Motorola Moto G7 Power?
134_1-9	Wow, that's almost half the cost of the Samsung Galaxy A10e. Can you compare the Samsung Galaxy A10e with the Samsung Galaxy A10?
134_1-11	What makes the Motorola G7 such a good award-winning phone?
134_1-13	Why is the Samsung Galaxy A50 considered better than the Moto G7, based on their respective features and performance?
134_2-1	I've heard iPhones look and feel great. How does their design compare to other phones on the market?
134_2-3	Which type of smartphone is better for me, an iPhone or an Android phone?
134_3-1	What other types of smartphones are available in the market?
134_3-3	What makes Android and iPhones stand out from other smartphone brands, making them the most popular choices?
134_4-2	What are the essential features I should consider when buying a phone to run most aspects of my day-to-day life?
134_4-4	What are the essential features I should look for in a phone for running most aspects of my day-to-day life?
135_1-1	How do I get back into running after a year-long break due to work commitments?
135_1-3	Cool. What exercises can I mix with running?
135_1-5	Which strength exercises do you recommend to mix with running?
135_1-7	Awesome. Can I combine strength training with running on the same day?
135_2-1	What running tips can you share with me to lose weight and get back into running after a year-long break?
135_2-3	Cool. How often should I incorporate running into my routine to help with weight loss?
135_2-5	What are the potential effects of exercising on an empty stomach for weight loss?
135_2-7	What is a better alternative to running on an empty stomach for weight loss?
135_2-9	Hmm. Why is running on an empty stomach not the best way to lose weight?
135_2-11	So, considering my goals and fitness level, what are the most suitable alternatives to running on an empty stomach?
135_3-1	Since I took a year-long break from running, are there other high-calorie burning activities I could try instead?
135_3-3	What are other calorie-burning activities that I can try if I don't have access to an indoor bike and I'm not great at skiing?
135_3-5	I suppose I could do jump rope, that sounds fun and accessible. I like the outdoors, what are some similar outdoor activities that can help me burn calories?
135_4-1	How can I burn calories at home, similar to cross-country skiing?
136_1-1	What was the basis of the Watergate scandal?
136_1-3	Oh wow. Why did the Nixon administration break in at Democratic National Committee?
136_1-5	What happened next after the Watergate intruders stood trial for their participation in the break-in?
136_1-7	Did the Watergate Committee and federal prosecution obtain Nixon's taped conversations in the Oval Office?
136_1-9	So what happened to President Nixon after the Watergate scandal?
136_1-11	What effects did the Watergate scandal have on US politics?
136_1-13	What effects did the Watergate scandal have on President Nixon's legacy?
136_2-1	What's the story behind the name 'Deep Throat' associated with the Watergate scandal?
136_2-3	"Did the public ever find out who was behind the identity of ""Deep Throat""?"
136_2-5	Let's say it was Mark Felt. Why did he become Deep Throat?
137_1-1	"What are the main premises and implications of Nick Bostrom's ""Simulation Argument""?"
137_1-3	What are the probabilities of the three options in Nick Bostrom's simulation argument?
137_1-5	"What do other philosophers think about Bostrom's ""simulation argument""?"
137_1-7	If we assume that we are indeed living in a simulated reality, how can we determine the nature of this simulated reality?
137_1-9	If we are living in a simulated reality, what are the implications and potential consequences of this assumption?
137_1-11	What are some arguments against the simulation argument due to its seemingly fantastical implications?
138_1-1	What are some effective strategies to help a 16-year-old build their self-esteem, especially if they are shy and awkward?
138_1-3	What strategies can parents use when criticism is unavoidable to still build their teenager's self-esteem?
138_1-5	What are some effective ways to help my shy and awkward 16-year-old son develop his social skills and confidence in interacting with others?
138_1-7	What can I do to address my teenager's concerns about their physical appearance and looks?
138_1-9	Do you think social media could impact your teenager's self-esteem and self-confidence, particularly in regards to his social skills and appearance?
138_1-11	Do you think social media is negatively impacting my son's self-esteem, and if so, how can I prevent it?
139_1-1	What are some interesting wonders of the world that I can learn about?
139_1-3	"What was the reason behind the poor performance of the song ""What a Wonderful World"" in the United States?"
139_1-5	"Did the sales of ""What a Wonderful World"" eventually improve in the United States?"
139_1-7	"Why didn't ""What a Wonderful World"" gain popularity in the US despite its chart-topping success in the UK?"
139_2-1	What are some of the world's most spectacular natural features and human-built structures that I can learn about?
139_2-3	What are some examples of the world's most spectacular natural features and human-built structures that are considered wonders of the world?
139_2-5	How is the maintenance of the Great Wall of China managed today?
139_2-7	What are the world's most spectacular natural features and human-built structures?
139_2-9	It sounds beautiful. Tell me more about how the Taj Mahal was built.
139_2-11	Which of the following human-made and natural wonders in Asia would you recommend visiting?
139_2-13	I am interested in visiting a natural wonder in the world. Can you recommend a unique and spectacular site to add to my travel bucket list?
139_2-15	Can you name the remaining wonders of the world that we haven't discussed yet?
139_2-17	This is all very interesting. Makes me wonder if there's a relationship between the natural wonders and the human-built structures we've discussed.
139_2-19	Is the Taj Mahal an example of the architectural philosophy that form should follow function?
140_1-3	As a tourist, what are some of the top tourist attractions or places to visit in Nigeria?
140_1-5	That’s where the Obudu Ranch is, no?
140_1-7	What are some interesting facts about Nigeria that I can share with my friend?
140_1-9	Tell me more about the historical significance of Duke Town in Calabar.
140_1-11	 Where did the name 'Calabar' originate from in Nigeria?
140_2-1	Tell me about the tourism opportunities in Nigeria.
140_2-3	How is the management of Nigeria's tourism sector?
140_2-5	What are some of the initiatives of the Nigerian Tourism Development Corporation?
140_3-1	What are some other must-visit places in Nigeria?
140_3-3	What's your personal experience like working in Nigeria?
140_4-2	What are some interesting facts about Nigerian cuisine?
140_4-4	Are the foods commonly eaten in Nigeria safe to consume?
140_4-6	As a tourist, what are some must-try Nigerian recipes?
140_4-8	Who makes the best Nigerian Jollof rice recipe?
140_4-10	Wow! Tell me how Nigerian Jollof rice is different from Ghanaian Jollof rice.
140_4-12	Now that we know the differences, can you tell me more about the history and origins of Jollof rice?
140_4-14	What other popular Nigerian dishes are there aside from Jollof rice?
140_4-16	Sounds yummy! Are there more Nigerian dishes similar to Jollof rice?
141_1-1	What are the warning signs of a potentially fraudulent investment opportunity offering 20% monthly interest?
141_1-3	What else should I be aware of when considering high interest investment opportunities?
141_1-5	What are some general characteristics of a legitimate investment opportunity?
141_2-1	Does the 20% monthly interest offer bear the characteristics of a classic Ponzi scheme?
141_2-3	What's an example of a Ponzi scheme?
141_2-5	How do authorities and investigators typically unravel a Ponzi scheme?
141_2-7	How do Ponzi schemes like the one in the offer usually collapse?
141_2-9	Can you compare the characteristics of Ponzi schemes with other types of investment scams?
141_2-11	Can you explain the differences between a Ponzi scheme and a pyramid scheme?
141_2-13	Can you explain the relationship between cryptocurrency and Ponzi schemes?
142_1-1	What are some key things I should know about Argentina?
142_1-3	What makes Argentina the cultural capital of South America?
142_2-2	What cultural aspects make Buenos Aires distinct from the rest of Argentina?
142_2-4	What's unique about the Argentine culture compared to the rest of the country?
142_3-3	What is the significance of tango in Argentine culture?
142_5-1	What are some of the popular attractions and experiences in Argentina?
142_5-3	What are some popular dishes from Argentina?
142_5-5	What nationalities have influenced the history of Argentina?
142_5-7	What makes the food in Argentina special?
142_7-1	How can I explore the high peaks in Argentina while also experiencing the Malbec wine region.
142_9-1	What makes Argentina's culture, geography, or history uniquely distinct from other countries?
143_1-1	What is Open Banking?
143_1-3	How does the European equivalent of Open Banking relate to the UK's version?
143_1-5	Does a similar concept exist in the United States?
143_1-9	What general product innovation has happened due to Open Banking?
143_1-11	Yes, but specifically what retail banking products or services have emerged due to Open Banking?
143_1-13	Wow, that's amazing! What are some of the coolest startup innovations currently using Open Banking?
143_1-15	Interesting, I’ve heard about fintech startups like Coinbase. What is the current regulatory environment for cryptocurrencies?
143_1-17	What are some key innovations in the banking sector?
143_1-19	Wow, tell me about some high-profile scandals in the financial sector.
144_1-1	What does reusability in space travel mean and why is it significant in the context of the Falcon Heavy launch?
144_1-3	What is the history of the importance of reusability in space flight?
144_1-5	What technical challenges made it difficult to reuse the Space Shuttle after its initial launch in 1981?
144_2-1	What are the current plans of SpaceX for reusability in space flight?
144_2-3	Tell me more about the engines used in SpaceX's rockets.
144_2-5	What benefits do methane-based engines offer compared to traditional kerosene-based engines?
144_2-7	What are the technical challenges of using hydrogen as a fuel source for rocket engines?
144_2-9	What are the technical challenges associated with building Hydrogen engines for rockets?
144_2-11	What makes liquid hydrogen engines challenging to build?
144_2-13	By power cycles, what types of rocket engines do you mean?
144_2-15	Can you elaborate on the different power cycles in rocket engines and their respective tradeoffs?
144_2-17	Wait, why do open cycle rocket engines exhaust fuel and oxidizer after using some to run the pump?
144_3-1	How do the Open cycle and Closed cycle engine types compare in terms of efficiency, complexity, and other tradeoffs?
145_1-1	What is happening to the coral reefs?
145_1-3	What would be the effects of a global coral extinction on marine ecosystems and the planet?
145_1-5	What is the human impact if coral reefs continue to decline and eventually disappear?
145_1-7	Does coral reef degradation also affect the ecosystem's ability to capture and store carbon?
145_2-1	What are the consequences of corals dying and the resulting carbon sequestration in the ocean?
145_2-3	How can we prevent coral bleaching?
146_1-1	What's the difference between long-distance cycling trips involving bike packing and traditional bike touring?
146_1-3	What are the components or bags used in bike packing?
146_1-5	Can any bike, regardless of its style or type, be suitable for bike packing?
146_1-7	What modifications can I make to my bike to improve comfort for bike packing and bike touring?
146_1-11	What is the best bike seat for a female rider.
147_1-1	Marvel movies are all the rage now. What are some of the top Marvel movies that are highly rated and popular among fans?
147_1-3	Can you remind me about the iconic scene from Captain America: The Winter Soldier that you mentioned?
147_1-5	What do you think of comparing the “Avengers Assemble” scene in Endgame with the elevator sequence in Captain America: The Winter Soldier?
147_1-7	Let's talk about some of the movie’s implications for the larger Marvel Cinematic Universe (MCU).
147_1-9	How do the character arcs of Iron Man and Thor compare to Captain America in the Marvel Cinematic Universe?
147_1-11	What does the future hold for the Marvel Cinematic Universe (MCU)?
147_1-15	Could you elaborate on how the Marvel Cinematic Universe is going to approach diversity in their movies and TV shows going forward?
147_2-1	What is the current state of representation of people of color in Marvel movies?
148_1-1	How can I break into the tech industry?
148_1-3	How does having relevant qualifications and experience support me in advancing my skills and knowledge?
148_1-5	What steps should I take to break into the tech industry?
148_1-7	That's a lot like the first tip about getting relevant qualifications and experience.
148_1-9	Just how crucial is networking in breaking into the tech or engineering industries?
148_2-1	That's not quite right. I've heard that having a degree is no longer as important as it used to be for a career in the tech industry.
148_2-3	How can I demonstrate my technical skills to a potential employer in the tech industry?
148_2-5	If I already have relevant qualifications and experience, how can I use them to break into the tech industry?
149_1-1	Are search engines inherently biased?
149_1-3	What are the specific ways in which search engines can be biased?
149_1-5	Can search engines be considered biased in their results?
149_2-1	In what ways are search engines biased racially?
149_2-3	In what ways can racial biases be embedded in search engine algorithms?
149_2-5	Are algorithms perpetuating racial biases against people of color by being designed based on existing societal problems and reflecting negative stereotypes?
149_2-7	How does the ranking algorithm work in search engines?
149_3-1	How can I ensure impartial results from search engines that may have biased algorithms?
149_3-3	What do you mean by search neutrality in the context of search engines?
149_3-7	How can search engines provide more unbiased results?
149_3-9	What alternatives are there to traditional search engines that can provide unbiased results?
149_4-1	No, how can I use alternative search engines that provide unbiased results?
